Parent Directory,Filename,File Size,MD5,SHA-1
.,.gitignore,1865,e01a16d8396d96ee41e6d2cfab796bf7,89a34e92456081477f01f1c63fe4cc7acf5464e8
.,config.ini,90,3ad3aabafd836208db5ad15b36d7605a,25e65e37b153c9e56cab2deb6d3f73f8d0c9c12a
.,default 20191018-122251 PM.csv,0,d41d8cd98f00b204e9800998ecf8427e,da39a3ee5e6b4b0d3255bfef95601890afd80709
.,LICENSE.md,1089,4266d7abd961473a8e0af15b85272c9f,adfaf0c9fd4b4aff44d0c6f2e436dd46e7aff31f
.,Pipfile,149,7ac5882adb6f2c6e52be2ba437ff9b2c,28e5a3f30f2c82d54dbe332307217f72186499ab
.,Pipfile.lock,473,a38088c22f91e83fb76eabb7176702f9,d22cdef00cc6e0be871f06084e2330445ed56962
.,README.md,1098,64f0188cfce6305627543722376d5cb6,6497c5f3b5474ee8ed6305b860cfbf00349f5707
.,requirements.txt,30,69fa9f283f8e6fc0bac9faa5e23bf1fd,27d1a529469ce7cfca656744461aaf3679015953
.,setup.py,770,97d46c99a1a4ef94225ffd70f499fa23,5c9891a335fe1b6ee38ebe1b840cdccc204b9a84
.\.git,COMMIT_EDITMSG,8,6088163a82f63b6c9d15ca22cdb68a4b,8c863af73e84225aa00defddcbf0013cd1480c59
.\.git,config,460,a4e53f735bb7ce1c5aed03bf8da30162,34a824922af73f20a03ecfcc19d050e4a95476d2
.\.git,description,73,a0a7c3fff21f2aea3cfa1d0316dd816c,9635f1b7e12c045212819dd934d809ef07efa2f4
.\.git,FETCH_HEAD,824,ac314fe0b5f83336dca789e013e693b0,e2e789bf94a902d50a78b3445f6c27f71771655b
.\.git,HEAD,26,43c336854a8620586e58cd1105b1dc04,08edfa4edfbd4436092cef0ba3e87902bc43beeb
.\.git,index,1050,8b9ea2b68ce3287794e25b539e373942,e4253003b2d2dc09fa24b95a1d5eb540e3a55f6e
.\.git,ORIG_HEAD,41,77c45f04b40b0c657ad4f639c3aeac2d,bfa47aded38cb1ddb13e34da6a706364fe108915
.\.git,packed-refs,422,c29ac0807f49ec6b5a1d485260f6afad,8ecafb8dbcb1789b97135f96eebc6be86a2b925b
.\.git\hooks,applypatch-msg.sample,478,ce562e08d8098926a3862fc6e7905199,4de88eb95a5e93fd27e78b5fb3b5231a8d8917dd
.\.git\hooks,commit-msg.sample,896,579a3c1e12a1e74a98169175fb913012,ee1ed5aad98a435f2020b6de35c173b75d9affac
.\.git\hooks,fsmonitor-watchman.sample,3327,ecbb0cb5ffb7d773cd5b2407b210cc3b,f7c0aa40cb0d620ff0bca3efe3521ec79e5d7156
.\.git\hooks,post-update.sample,189,2b7ea5cee3c49ff53d41e00785eb974c,b614c2f63da7dca9f1db2e7ade61ef30448fc96c
.\.git\hooks,pre-applypatch.sample,424,054f9ffb8bfe04a599751cc757226dda,f208287c1a92525de9f5462e905a9d31de1e2d75
.\.git\hooks,pre-commit.sample,1638,e4db8c12ee125a8a085907b757359ef0,33729ad4ce51acda35094e581e4088f3167a0af8
.\.git\hooks,pre-push.sample,1348,3c5989301dd4b949dfa1f43738a22819,5c8518bfd1d1d3d2c1a7194994c0a16d8a313a41
.\.git\hooks,pre-rebase.sample,4898,56e45f2bcbc8226d2b4200f7c46371bf,288efdc0027db4cfd8b7c47c4aeddba09b6ded12
.\.git\hooks,pre-receive.sample,544,2ad18ec82c20af7b5926ed9cea6aeedd,705a17d259e7896f0082fe2e9f2c0c3b127be5ac
.\.git\hooks,prepare-commit-msg.sample,1492,2b5c047bdb474555e1787db32b2d2fc5,2584806ba147152ae005cb675aa4f01d5d068456
.\.git\hooks,update.sample,3610,517f14b9239689dff8bda3022ebd9004,e729cd61b27c128951d139de8e7c63d1a3758dde
.\.git\info,exclude,240,036208b4a1ab4a235d75c181e685e5a3,c879df015d97615050afa7b9641e3352a1e701ac
.\.git\logs,HEAD,2606,173ce1086bae1dda68278a3da1433632,3b3bbcc9cb5c54b9d80c5aa0d9727fe5945c16ee
.\.git\logs\refs\heads,master,188,6916112aa00a5a2d5ff8fe851482ff1d,1de44d141e16dd8526eb4d48ac5772a5f00dbbf8
.\.git\logs\refs\heads,packaging,936,1202e93e488cb21029c67cd67911e6ad,a53f85f30300200d273569861e72cc35e4bbcac0
.\.git\logs\refs\heads,with-date-filename,969,426b32ef319d90d70e8fda5c6660b103,95367f185331c8db30a2c11c5183185cbbdc134e
.\.git\logs\refs\remotes\origin,HEAD,188,6916112aa00a5a2d5ff8fe851482ff1d,1de44d141e16dd8526eb4d48ac5772a5f00dbbf8
.\.git\logs\refs\remotes\origin,packag,151,d35c4ba81fc5ca0ce9e3c269f086fc5d,1bfc8b44a76f34cae0a7372b7d80ebe7f55549ff
.\.git\logs\refs\remotes\origin,packaging,298,73ded58161768feff88ea690e2ba6495,c3f082743c276878f0163a5c8ca98b26d7c46c39
.\.git\logs\refs\remotes\origin,with-date-filename,743,b1bc5602497c1875e477a47b263a3e97,fc703e847e2153fcbe8ab209ac1b253a39dc2eba
.\.git\objects\05,46dbf4461650a09e888508ee60a1fa18d4a832,318,76d210a0050b4ab2191dfc125e3f0154,b513d4c267598818a7ac36ec862e2697bfd96ce6
.\.git\objects\05,eb15520e609d0f364c2db86e63321c4583e941,408,3cab453ad15fe2a51d8c8c9364577d54,a1f9b2dee11d83c3dc4029db5943778d28dbebe5
.\.git\objects\06,829f256fbe9f62474f41bbd541b18f6918c667,668,c631f630027b96f3a7fc940fda776c23,d2023dd96d47444392ba735f499b9dcb3774667c
.\.git\objects\0a,56cf57378a7ef384564b0202d8036b629072a8,88,3b90061163a7c5e2aa4b4f3405f398c9,d170748ca180aca76e34fb591b46867ab3294467
.\.git\objects\0d,5bee4418f4fad0f3c5637786fe7db651d032a5,317,a60e23c53a2e1dee53f58659eec51370,ec35cd64077856fb1b9547a29926171ad23c6a31
.\.git\objects\11,127b3dc6c771b9c99eac6e6bd82664d78cda66,564,25811c94238d53236610d278b5b94e59,e68a29b7922a4447892fcf0f16119560689c965e
.\.git\objects\15,6fab9d8ea8753dcb9f423ab3639b154226de63,980,ba5e7e2c3d65b2391b1b8e9d5f6d0c93,982583081850d73b352e4a6efc805fe4839bc7fc
.\.git\objects\15,f9f7541bc2fa9cdfd438d93b22f281f671e888,88,ed866e04d148cfb9c13cdd2968be58b4,87d045b93cdef929604f98971b5b15c5cfec4ecf
.\.git\objects\16,6fd92852cafbb044d8491e1bd451ebff87ace2,167,7d0421a5e146637ee5c147b9a83e8b91,89625b38249ff2a500d5857709d112aba5689b52
.\.git\objects\18,db4381ddbeb3d36037822c692161c917fa8e8d,165,b18d7e2574efa52b9671cdcab280f08b,b129d170600ca3300637bedbb7a018d4a69c0c69
.\.git\objects\18,ee49be71b86d17f563b6fa2496e39762a02906,164,a2796ff783e9654b48a9551f5ddd2bf2,8f26e590495acae62efdcccccf1860ab333cdfad
.\.git\objects\1b,34ef6b63f5501b4d29e1f0de0da607ad2bde16,195,a5ea7ed98db8f0c7e540f9aeb87e0c83,f2065ce610dec93c20293fc2d8ccbdb41bade9db
.\.git\objects\1d,ee34bc2059f829beb217d4ccf13c4978034353,318,4c405ef1c8f6d4c57c19b3c55a69f089,ca6c0283586fdef50b69935fa6e3513333c4e3ec
.\.git\objects\1f,9458b47ec0582eeacd347a8b69264b82725175,194,0746d6f751c94e2c0c9279912841a932,814cb09fd986671df3dd5ad2d283c9f6292cc9f3
.\.git\objects\20,7ee8e0b96d9e68bb8cd48eebd105d1eb05d428,628,c7f6a186ec08d6d2c330a2b7fe65647f,56d4149cafc189644bd2a12b4da269892ff1af6c
.\.git\objects\20,d2c3c131d45f52a050bb54e2fdb40bffd5391a,378,6f6db9b733ddefd3026023b85bd2b010,dfbfab3e823c5632fdf3d12d84da542f3943cf28
.\.git\objects\24,0bf0b89daaf9ef881a725aaccb1d06b0f760f3,253,491be9fd817ea293e9c89343f24be7d8,60142fb73db6c93d0443f61be31c467a0e4633c7
.\.git\objects\24,234da15de33a02854b1b15992a1c0ba7a5ecd0,164,c55f66a09f67eaa4c0d276a26a5c581a,3b57109529ee2b4bf319212ccc57a126a4a7c670
.\.git\objects\28,cbdd3bb24d636a5f6f33e6252b6900541ca9d0,170,c92fd4a165f2c824bc96af7dce8374ca,9487e1ce02b3fd4db64beaf90303f0143bce46b0
.\.git\objects\29,a181ee83f64400443467e9b8140b6d65dc5796,89,6906acea8ca8074ef1ab056bbe510edd,065574d5e6eccc91559e1b904216272d930f3b4d
.\.git\objects\29,f25b139a318a51bf1fe1f1aa1ee088b4ef6d7e,287,45ef207925e7440fe1fdb0dee9864062,068a5215ec60c0c6db95670b8249a2f1292a4685
.\.git\objects\2b,11871c0e234ea2bf01006e279ebab5a769f367,286,ed88fdedcf8b52d0c6f212c1cf36699b,ecc48b40cb7b88612f0db44200430a37e098ae83
.\.git\objects\2d,73e4d1b7e7597960ad3108f4108c3472ec8c30,568,0c15b35c2502fafbc4f8a9842885b881,56a4211bb8bdd3f714c5bd0cb79847b966fd2a1e
.\.git\objects\33,d3da67ba2eb80c5f422d977cd15b4b959ebe68,592,ddbf6ab1ece70a2491bd46f7cd126106,26de58f9594b68dc93ffb7852cc9e514f397feba
.\.git\objects\34,1ac0642fe38f589d011747b4c72aae4c75f004,565,0450adf9ee4dd22fe4f8371825c6baaa,e1d5dc83ba4de497861b96ed5d02a7350f102df8
.\.git\objects\34,7e2446bc3b58e161f44ce014a07bac263939c5,296,a590a011832eba6904aa306abd958344,09066bf274c3e979f0504477e7ca3969631899eb
.\.git\objects\34,fb0eb53ae8c8008287575ef924b1d2949fb421,164,df881b9fc4c154e4bf6340fd6caf7121,f5e69a5b5d1469feebdc8eed3b96f5879d93edf8
.\.git\objects\37,a84c6ef6e4a180a63a294de4a126c88f628441,816,f1f86c4a1eed42738316ba5e526cc82d,8b97454dae098706fd8eec6a04daa941f6296dcf
.\.git\objects\37,f4c601fd708fbf8b9b2706aded794f38b27b03,569,1b3a3c80b0d854fecba05f1b390a3a85,51046ce4d7b4ba0b99731c3e8ab901762ff7c264
.\.git\objects\3b,444b3a809fce5090d31c2a2dc4a61051acf5c7,164,c4842f550d5c57a5e4c63be82d5c8b7d,f91d6e52738c1ab7563d985e8f67b0442d42256e
.\.git\objects\40,3bda9bcee9f3af3a67053a14ca0975d48a5e06,286,4315d709bbca0d04b9d292f583edd7ec,2fd20ad4c80afdab33c7e82a7a3a3c3005efa9e2
.\.git\objects\41,7d4b95ccacec9d8d432746510a844718853026,1252,d81c170cdea659fc6a1e7d81b067d96c,1f208cef7d58f396bc88b49c5605a6dfc0e92ea0
.\.git\objects\41,eea8e136e97d00afdc911748a5a89a1ddc1315,259,8024bbe96746e82a0f3def5dd2d6c34a,d062156421b27db99e80487ca9584cbb5c369cd0
.\.git\objects\42,06d03b7fc3245f9b375c1f1f1ca348326826c8,86,f374a1f65bcccccd88731700a71a56fd,937b9dfd111faa25a491ddfd2f1694a477816912
.\.git\objects\42,f61db34e13cc5faf971665646e5c7c51e92a32,54,145d7871ff863949587ecdb6577e14e0,8ba833d105aee36e6d479c97c245995004ad9c34
.\.git\objects\44,530dcda5d9217a162767a61a4b18cd185c959e,160,2c96cfc3eeca9255d555fd471832c794,a9271c0df38a17af0de3d196ace17b98fb5ed4a2
.\.git\objects\45,a031920906e3c4cb1fdf5617d78f7e0142f92b,120,c46d751b124df4d29d584effd0fdddbe,9aa14a665114b59c1ac7a79a4c9cb1af9f165852
.\.git\objects\46,0ceba17eea27d6e357def87b9be65a2ba247f1,194,7aa34db641a02daf7aa0be95845b9470,0bc112a243cdaae4ae381049ebbf2c4b5a4dd8ba
.\.git\objects\47,2f23ed17dca3945b2d29657648c24e6e8773e0,165,727a4fe8a29dd50c6c63f485be322bba,b515801de73ee4e7688a657614d082319eb5e60d
.\.git\objects\47,772847e005b472a803738613e901c419b91ca3,120,2ca9d9099ff8092f69f5fff411d30cd8,b1b0fb3d7bd0e8612cfb1bd21c635a96aed66c3c
.\.git\objects\48,128aacd364793e76928a26cd49fe63442a3da2,88,aa02185fe4aba0cb60d77aa16121f455,4ac2f410e56d853031484b8938afc2cfaf41dc4b
.\.git\objects\48,79261ef6b8e191d82ae5acb210f239bb870c18,32,0e4017313d7f87f73b4768bdcd698455,1253f55bbc477a60af7d59355a6b54c12251245f
.\.git\objects\49,3eb59f537cabd35cb5038c9629d202740187fc,532,87b1be86da83dcf522582606c4e912eb,b9fcac867e3d0f0076bafa71d5e1119af0ad801d
.\.git\objects\4a,92e5555edc33d86a393ea5815acaf7122d1a92,194,068cfe7ad256245505f481302249d44a,47cf7a74e473a1ffc12964f67661476f6688403e
.\.git\objects\4b,825dc642cb6eb9a060e54bf8d69288fbee4904,15,75589287973d2772c2fc69d664e10822,f9acaead3e977c3d0fb7ad604631d5d838950772
.\.git\objects\4c,1ca7e2711f2d91c89ee761c1e707d25f7510e3,490,976c5b35c490548fafbfc90caaa48799,c10feeac150b8d48cde0404dbc95280df5f256fe
.\.git\objects\4c,9371731e38332bfd08682ac6c4722abda72418,564,a83423b0da8c4a17746b21abea98ea9b,83c56e9bd7afef73b7d7e1bb3a9e0b81fa3b4803
.\.git\objects\4f,c6abe3703e06b5eafcc061d7eafd49ef4d9bcf,171,1e9bb3a4b857fc96376464ee750ec287,6270294ccb86702b3a6f1ce7589283664a23621b
.\.git\objects\50,d30470f99fa5b7fa05b36d21e18e94fb914a08,165,5a795c3162ea5ec14dd634ade4147ebe,0590b7df0387d15c749b664bacead68154765c1b
.\.git\objects\53,702a17b652a7dce4e09c33d838e614f6e2fee7,168,8efcb039124c93798aea28efafe3a6b7,445782f09b7726c22884dc0d2d41fa88b1bb099e
.\.git\objects\58,1cba3a23e8d44656dd7393d55490a6f21e7995,1245,3792cd2a0c874afec19e389c26ca3450,4d2047dcc7023e5df0c78e88281fd7099181b7b9
.\.git\objects\5a,7f7f38958e94ea7ec953623910a56a8373241b,287,d83d451f941544e2473362e0da79bd4d,9146da59fd28ee1a4c8902a16684bdf7d5f8086a
.\.git\objects\5b,c6ec2b5437a851249bc02e2db5f75447bf568a,167,76e6d132123569cbf2291227932f6278,e5a2cf376006e3401f55b579c3854425c334c6ca
.\.git\objects\5c,843c1811e49200fb1082ba1fb56b385cba1cb0,340,0c11fd7c85ebeaaab859de6443854a29,2c03c6af710a54b9419de03f54e3d8522213556a
.\.git\objects\61,93cd6357547a6a3c9f6569ec0c6cddf7facb57,286,f8a0afa17bdf486c754aadb984d2060a,752cf7c667bdfe90e78d3cbd46dc0328440d8008
.\.git\objects\61,95e90ef05cddcf021db8074ddcfab6c34e9441,331,8453e1bc2689acc4a8a3c763ea42bf45,79301aa7d6a30c5cccbe925a566dabf388c91bf2
.\.git\objects\63,6c136095d74049e4f87a123b6e2b2eea158ce1,170,d4ff39a84556960c372b9eea01ad42e9,d9b83f40ed62c001b363ee8ad8540fbe6d46ca2b
.\.git\objects\65,9ccaa044c768deca786887f95ceeb80779fb00,566,2fe2046a79c75092370e27f61f811bc4,7b5d95d62f57147fe214f0f32d1272d8d596086d
.\.git\objects\65,a87e915c93ea4a75c673100b6ad5d37b104fee,254,b50375f37111f4111047eca03848c4f8,ec39c89211e6ed5abab9f033f9cdd163da4231a1
.\.git\objects\65,b9601e9943b6ba3efd9db2db47f5ea90da707d,566,afba38ce50490fed59e721387b2fb630,c8f82b027bc7fba876278b368a05088333993aff
.\.git\objects\69,599e281b7b54d6c5a2a55abfac342980429b73,563,f73e5df71f2a9e58c4ee1536714c7b09,74b3258aaf209ac7a8e29fd09a671a23d5d9997e
.\.git\objects\6b,c1b0f1cb1e05d41c4ee6f2c85ab0529e946b14,1239,42bb2bd13f0c9acc9bb5414f7faa5ae7,69cd2002d245680acc17226a1bd2333fc2928b1f
.\.git\objects\6d,56c74f517d06168517cb42b19363a10970af50,163,0e865f47d88be59097688d0fcf9c3188,39dec1e6d67b8f7216dbb69c73e0c248bffd5c5c
.\.git\objects\6f,2f5326b00feacdf98213673b57b0aced8cb9a8,562,23c9bd3671c7f628e547e1a96d1ed447,56ecd0a241fd038aa4ac1abaa9a59a3a68241f78
.\.git\objects\70,3d387b82806e7b434dc1d95be151f80462cf74,159,8fbc44ea10f902f4adf3d1732adbb266,7607163e4cac55b1b23e793dbc6933caf2d4c722
.\.git\objects\71,6580d2c6d0e688ae5347fd3494c2a1ce576cb2,167,e95d6279027ec8374212c9c193ab71f2,e7a3ab636a8051fb0ef5e2062333071511b7bc74
.\.git\objects\74,446bf9fa34c4550211c7f2b39e969502d53d2f,580,cdaa89703d60505370859d4983d0ec53,d454efa079b2e8be189af821dcce674ccc71c203
.\.git\objects\74,e8501b44e688dcc1952073043735773c4cf192,1255,89957f6328cbbeeb381a7a57c3614bc9,e15fb16743a383dd344441a84d63d75591c35b7c
.\.git\objects\75,31a3727debc829100dd61719b65c9329ba60c1,694,bec0f50571d9e68ec76e1f49f261a1da,5aeaca85cbed095222334349db3dcc7bfb6d5b4f
.\.git\objects\75,d2a721603600627538d2e9f7aa97d9a34cd0d1,120,5d63a5d9bc283895daf348350ade7383,eedb8449298dda9f429a5aefa7692f51798685e4
.\.git\objects\7a,82a9c11443828bfc42709cb569385325dc0e27,380,e12f051145869cae811bc4356b89904e,7ae343860ea66a1c46109788e5579ca6c05829c9
.\.git\objects\7e,1c10081f49bebccacaffb1cf1c9c86f547bea8,379,c728dabef9dcce5d7170f505f6ccac51,29852cfd496043f6a06188566f8530a8545ac78f
.\.git\objects\7e,306e17da3083295609a0f76dff0b5e05b136fd,54,2a31b87b460746dd7d930da8be27d59c,728ce1cef6c0b27d26f2d68ccd729fd28d56e251
.\.git\objects\7e,992a9dfb7370d606d5ab753145ea7873753095,164,acdd101d0740b1972f65513d2a7394a3,99cb96d242ffd9947f9a7df1ee922a7feaa0701e
.\.git\objects\7f,01b978d14f1ff4929561fe2c7c8f133cd0c44d,287,8160ee030a4ba769e87039feb7453c15,dcf8cdde219a429bba7d95a7dd66d22725281351
.\.git\objects\83,16781bfb074022fd416127fe70cb6582656f38,1241,a244cffc7995e1821e0a0616bdc55d46,7150bfe5fa8c9a46bd1068af833d59a203469ec4
.\.git\objects\85,436b9f5ab9164ed83148be2074af5cacff8e35,564,9c2974201c928f33aea4265798f676f4,1877468c1c95ec7d10136b26df92c9c3e452f0c1
.\.git\objects\89,42e45269ccda9501e61c13a22fae28774d2eaa,154,1fc6c57e7b52db6060ba778219a1a0c3,722d64f07ad91a9eeaeb8c5cbf92ad5fca62b02d
.\.git\objects\8e,f9b0d5edb55212921d62b30692703af7046bbd,732,920af435ba751f6d2c95a32eeec90804,b667ac3c323a0169e5f6b356f55f28df13fe1d5d
.\.git\objects\90,e0a1159d6eb24c1c682e593612f4f768a2db12,89,57008683b33836b7c3968a75668d1f1f,b77984c0c533cb49ea0ca4bdc27892ea619c1d3c
.\.git\objects\92,6f9010b63eb1278e50f4beddc70daaf19eed90,968,46b0ab6c7089bda8c3228ee234f474ce,3a313c7c2e3e2226e0081c07c5ba3eab3012fc3d
.\.git\objects\93,e2ae0d30ce0efee09f5521294c8f41062d134d,164,eab7f3017d7fc06eb081997c5e54b203,36534e15dadda5eff6c9d9ac33771c40cf87fca4
.\.git\objects\94,272156354ef8bc7291bc69e6711277d7f77bef,54,366bcfe3a4d00a1e99dedf46ee171153,a48a9e04840aed2235541c3d0f07622e1ad1ff3e
.\.git\objects\95,1c143679e325bce4e859fc8943a60b8c5e0ef1,88,23d238bbfb7eb100250e085ee82fa289,9bd252c05d9b2989ab94915b956eca6e93acdee8
.\.git\objects\96,502242a2a8175b883282d7fbe6d7f922515194,317,2ad6dd230eea1fd01b44076248a902d8,1021e50edeceface09055d3b6cf5f76bc505b07a
.\.git\objects\98,ae894a8be454076f4779c61f26abcbe9f2ff17,317,31380c9a97d1574adb3ccb4032e7f3b3,bdc5b4104572c50bf57f96fe35269c54a9c603d1
.\.git\objects\9a,51a2828edd3a7e27683080cd171f006e129a6f,251,8638ffef859fc1574d462a6dbd6ea084,fc3280d5159d1660aa1f3b647f9d787d832b72d6
.\.git\objects\9a,df51801c4aeb38308da4784489595f101ce493,167,46bc5c150821a05bd1a59877697d5c88,a349aa7118814fdefd69e88832b559000e59f8eb
.\.git\objects\9b,f89054e32ee7f60bc6b131d732c3246a854a8c,284,4de7715e4007c22dea8620dbf4e4f9b7,d405b3634c477dd092f96ff1e18a2c762c5bbaa0
.\.git\objects\a2,59b3af0466861ad11466950a342f0fc2835118,569,2058d1a87a3c97a47a432cd0cefee851,e742553a0ac2442b35d4c1486dc1fc41bad47a87
.\.git\objects\a6,50d19ce4571b31836058cd07056ad8798d3cee,286,bfb5531b03271060fe4c47c1d4845cd5,887026fde19fa8ab83f9d491297d694ce4c62089
.\.git\objects\a7,04e9e6d07fbc35fe0905a17be56be42677fdbf,159,d845851fc9f82eb3568e4f9c9d7dccc0,31459cada454c3df07e551d8767a9664b8eacdab
.\.git\objects\a9,1c24b613f73adf516aec950704e33d2c2ca2cc,288,c55e1d5b73158794d142d104e6dfd9f2,1d4472c0112770771c54d462995f88958e24106e
.\.git\objects\ae,c4a2082d7321f9cd3436f24ee7ca10dfb8a8a4,166,be5234a69f4faee42207338b9164dbd0,db5e61ab91f3c35216d9d5078e75be1d679700d6
.\.git\objects\af,20dfdfe88609f097d0de213698deef4912bd40,1320,a865ae4879e9b7de3ac587a9fabd7f2c,5c195d1c6b4b5cf8cbe033516a9315a8a02d8a47
.\.git\objects\af,63cce2561917dff2a6186f1c55c12feca706e5,565,f20022f035d78ae8cde068497cb14040,e169e2d54e7d42401ec03150903924ca6a41aa4a
.\.git\objects\b1,98d4f5bd572a0a82f65adafc18de4ea0fbd863,564,92d82716d510d91f43a8f2c70afa304b,c01b4e394a0af8b8a1b9a4eb3f93a654dcc21064
.\.git\objects\b5,8da118352f1061b6152a88651d6aec1b95893f,562,bedae9986e42cb8ecab4aee7b68159ce,55040191414544d532e7d5bb701d0a150f753560
.\.git\objects\b7,23d0199f863e1cf0f17acf5cc359de7e927048,126,10f310fbad9594306618615448f8820d,feb0e7329e09b4b5d2f4f09d139b178485a75d24
.\.git\objects\c1,8550137d3f119742e43d25de74d667e96db323,167,bca67515f3fb1eefc1e016bbef664b41,83a3bb528ee456a097d90e2cc55b088f985ea8e5
.\.git\objects\c5,7f817479338e455eba0a2bbae6888a5d2c8b32,587,7342bb10e94a17a68c781c993c9e610a,f99faeddc5a574a92dcef9a4c03004e0574e1915
.\.git\objects\c8,128d49105ac4caee4c3ca5b165966dbb98234f,960,777ac664cac6e0dce0ae36da0636d614,85d0b2850eb9374eaef351f81be156c8f1c36f0d
.\.git\objects\c8,b00afec6a940a0642cc08bec77d856699ce7f3,397,e87c7544afb8f5dd7d27095061f87588,ab9f5069e08a092855e6daf7d34b56fd5e3d0099
.\.git\objects\c8,b3d8202aa78e477293c4ea394b38e45fb06925,226,28bc63668b14da709145edcea948f060,6249c117f4aea7043374fa7bf13853eac3b19383
.\.git\objects\c9,653ef4bd86d7bc7eb46999ab5b832f07d44b8d,44,9d696b629cb77030fc60bcffa5cc1d90,368e9d19fbbe6588a5b4a0998fb765281f048cb0
.\.git\objects\c9,ec752c3f8541c895ab4143731a31226eccc7c2,565,419f566c3d8ca5ad802319253c7386ac,21da89ac2830d83814da02535957fee39ba761cf
.\.git\objects\cc,da77b53ef6899998262f3829cec66dac8af140,259,b85f94ae40a43e2e1f5a8cf04942f421,35a799bc2f797aa19b7651f57afb5eb90b1abf2e
.\.git\objects\cd,78419af56e32d43739d5798a6be2bd9a506a52,1253,2d21818dc89c4f0b45b5f862bb36928d,66db9da5e6c678c4ddb9a764e875d32a13dff1c1
.\.git\objects\ce,89fca66c59145f4f3aee6a7ecec4b5d244b8e8,187,3ea35a65b93e8c3c683883414ba4d7f5,58c2e5596f2c883d349b7976fcc40ae5b2a3b119
.\.git\objects\d1,c247230c6430386d9154c28e51e5e49104b45b,564,6795954754849be01082e8fea089a892,7c7f3994496969b0b9f7a8b3be750ea2190eca53
.\.git\objects\d2,ec7f25cc45584ed17b035e001e1f97e0a58107,1303,46e1498db08f66be8c567faf3f13f82e,666d212dfd2f0295d7477d4a6bd65d3dbdef1725
.\.git\objects\d6,d26712fb157b6a12d77aafa92aec8ceabf211f,491,489d2c33807a83bd11785b3fa51e32fa,4ab73751e30f76d72b427618a1f96b4da1c00e39
.\.git\objects\db,7e0e118c4146f7da4f8aa32c401a8b4a9f9906,656,46c716494592b8dd50bd4ce8ce70755f,39362376e123b077ce686ccb1bdfa473e6dd2f35
.\.git\objects\de,8c056234577ce687d07e46f60d9a6c3746029a,563,bb77e8a567e4cce736191fd119dcad23,150537ea919a9e53d9e6215bcfab9049b03bf9dd
.\.git\objects\e0,53ca8c7036846f3b49c68c32430871f9fe1027,313,8f182e6ed8fae70ac8162ab459b5bbe5,44394d096c69dadc415cdbba013049efae95e7c1
.\.git\objects\e1,a54adae87ccaeb75ff618c13002dd668d4fd79,254,43013fbffbec64bd9b8af73203704407,ff54b503dcd5a453bd808f47fb8ac9ec29478a52
.\.git\objects\e6,9de29bb2d1d6434b8b29ae775ad8c2e48c5391,15,c70c34cbeefd40e7c0149b7a0c2c64c2,c2baae88d6364d878fd67e778c6a5d8306ad4ab0
.\.git\objects\e6,c4e738891c4ecc08a74772089d3d493d83c80d,254,f14219d76f5e7313b1f7508ad790854e,9bffe2b86f83f59b9d1b6e52e5a89091f95b43c8
.\.git\objects\e8,743499b40a5525c69964ecdd0f23a4a38380dc,966,bb5a684fc2ced77dd266b8bd9530ec5f,2079817fde59269c5e20bcbf2d6fc80e8b2e8042
.\.git\objects\e9,c951d1c396dee0eff689f8f6919309bbf8f1e3,55,508af305fb606e7da8f86ea1184a2446,1cd7fb3f3c16ab7e5cc132bfcec16dbf163b367f
.\.git\objects\e9,db95c55a37992925612076d52f366681a3cdf2,507,e5f89156b5c1c2985d4ea5101ff5d3da,49926fbbccc54219492e4bfd3ac11667a5a5705d
.\.git\objects\ea,55253a5bfdab3390662d9711567d26650cc098,235,373518b95385fc79b5596916c5e53b44,d2263926ce9338dd85ab6cf0e1f391c42df73189
.\.git\objects\ee,b566a95a8e55448e47405ce6680200c8d095c6,130,5a84cdb7b687bca98493e09c33cf1d86,81d397190d35a4948ed6898551540d66178daa07
.\.git\objects\f2,3d55fd85ec570aff7eee96bdc287a389d348f2,490,0c248107952abf56034b747790846887,6232ac9e704a7f30dee6c57081ac7f25972b3685
.\.git\objects\f8,593773fb32b27dca93ad8e2f779f44b3764d0e,120,dc0329884d96070c1255dbe0cec8a3c8,ea825f6b077b03d34202bad45dc7108ce8c51a1a
.\.git\objects\fb,c77268bb425a1ff23440f5ff8efb831b18b57e,161,485bfd2a5ee38c85f26930254fa3730d,486e7b7073d6d30c22e7bfb40a9eec96abdc0872
.\.git\objects\fe,d7b22840f6c54ba411cfcbaf1c0797c35aaa71,287,1326cd2c79d80168b4ff961b355f4af6,a66725de919dc765e6d55228e5b0bf1303edc729
.\.git\refs\heads,master,41,fd5a2eec059001b6a154a352dab0ad32,7031301f30811d9dbcd2f27f403d6e2eb2e03c8e
.\.git\refs\heads,packaging,41,925f0fb14e6989657e7e018aab27487c,5cc9b73c7280b48bcbd2b13f050425f22658bd8d
.\.git\refs\heads,with-date-filename,41,efb908ef572f78d820092db0b901e0dc,02eb78cb79f2a76b515f2fca5ecfcf5dfda2eb47
.\.git\refs\remotes\origin,HEAD,32,73a00957034783b7b5c8294c54cd3e12,d9427cda09aba1cdde5c69c2b13c905bddb0bc51
.\.git\refs\remotes\origin,packag,41,75cae898701483023f2188318ea091fa,e7f71b2e4ecf7993ac4e5c677ddeb79d5c2ca184
.\.git\refs\remotes\origin,packaging,41,77c45f04b40b0c657ad4f639c3aeac2d,bfa47aded38cb1ddb13e34da6a706364fe108915
.\.git\refs\remotes\origin,with-date-filename,41,a64406a35c228d2ba4ce9cce1cf8a289,7867ca56c36afec3e45f3f6e83a7c12441ea3388
.\listdir,listdir.py,3787,06ae1b39abb298e34e2957a66c9eb35c,d46fb19a688cd41bf24d24a3fdff048c49586ead
.\listdir,__init__.py,17,77ddfbbf91f2a9ece4cfd32d0c6f7982,027f304d0c4245295d6adb184b4a77006a5f3b4d
